AppID,Name,Release date,Estimated owners,Peak CCU,Required age,Price,DLC count,About the game,Supported languages,Full audio languages,Reviews,Header image,Website,Support url,Support email,Windows,Mac,Linux,Metacritic score,Metacritic url,User score,Positive,Negative,Score rank,Achievements,Recommendations,Notes,Average playtime forever,Average playtime two weeks,Median playtime forever,Median playtime two weeks,Developers,Publishers,Categories,Genres,Tags,Screenshots,Movies
347470,Mayan Death Robots,"Nov 20, 2015",0 - 20000,0,0,6.99,0,"Mayan Death Robots reinvents the artillery genre (think Worms) in a Mayan setting invaded by alien killing machines. Pick a robot from the roster and enter the arena to destroy your opponent's power core. Aim your weapon before the timer runs out, but don't be distracted by the pretty scenery: when the rockets start flying, you already need to plan your next move! Will you choose to move your robot to a better vantage point, or will you build defenses to keep your opponent from landing a killing blow? Features: Patience is not a virtue You never have to wait for your next turn. Each player acts at the same time, so whenever you fire a shot, expect to have the favour returned. Think Worms, but everyone takes their turn at the same time! Choose wisely Pick a robot with unique abilities and weapons form a roster of ten lethal killing machines. Nuke, zap, implode, incinerate and destroy the opposition with your favourite robot and fighting style! Practice organized religion Your tribe of tiny Mayas thinks you are a god descended from heaven, so they worship you and aid you in battle. Give them something to really believe in and blow up the enemy robot and his tribe! Muscle out the competition The actual Mayan gods don’t take your blasphemy lightly and come to crash the party. Set aside your differences and team up with your opponent to defeat massive bosses! Feel free to proceed with the face melting afterwards. Care for the environment Use your construction gun to build defences or create a vantage point to rain death on your opponent. Survival of the fittest Think you know what it takes to defeat your opponent? Your robot overlords have some surprises in store to keep you on your toes. Play through the campaign mode to unlock new robots and scenarios that change the way you play the game.","['English', 'French', 'Italian', 'German', 'Spanish - Spain']",[],"“Build letting bots reshape the landscape by dropping tetrominoes, which puts a nuanced and entertaining twist on the basic artillery formula, particularly as battles run longer.” RockPaperShotgun “Mayan Death Robots is easily one of the best games we have played all year. Not only does it improve and sometimes re-imagine the formula for this type of game but the sheer amount of content is amazing.” 5/5 – Nerd Age “While Mayan Death Robots shares a lot in common with Worms, it also innovates enough that it is an entertaining experience for anyone who enjoyed the Worms franchise.” 4/5 – GeekyHobbies",https://cdn.akamai.steamstatic.com/steam/apps/347470/header.jpg?t=1478594622,http://www.mayandeathrobots.com,http://www.mayandeathrobots.com/,info@silenistudios.com,True,True,True,69,https://www.metacritic.com/game/pc/mayan-death-robots?ftag=MCD-06-10aaa1f,0,59,5,,32,0,,0,0,0,0,Sileni Studios,,"Single-player,Multi-player,Shared/Split Screen,Steam Achievements,Full controller support,Steam Trading Cards,Steam Cloud,Remote Play Together","Action,Indie","2D,Turn-Based,Strategy,Multiplayer,Action,Local Multiplayer,Robots,Indie,Controller","https://cdn.akamai.steamstatic.com/steam/apps/347470/ss_05c2432e2e323a9363089aea4da680d53970e83c.1920x1080.jpg?t=1478594622,https://cdn.akamai.steamstatic.com/steam/apps/347470/ss_e6838c2b2bbd7965bf942f31db24ff85b5f69cb2.1920x1080.jpg?t=1478594622,https://cdn.akamai.steamstatic.com/steam/apps/347470/ss_cad92acef4560fbbc01d77b4d0d463cbdce6055c.1920x1080.jpg?t=1478594622,https://cdn.akamai.steamstatic.com/steam/apps/347470/ss_fc8798608cf1e56249a0968b5f43723d2b3f845d.1920x1080.jpg?t=1478594622,https://cdn.akamai.steamstatic.com/steam/apps/347470/ss_23a071dd63e60e80ca88f2ebd5b7adc8d455006e.1920x1080.jpg?t=1478594622","http://cdn.akamai.steamstatic.com/steam/apps/256658412/movie_max.mp4?t=1447966291,http://cdn.akamai.steamstatic.com/steam/apps/2037003/movie_max.mp4?t=1447966298"
1807750,封神榜2022,"Jan 6, 2022",20000 - 50000,1,0,9.99,0,"'Feng Shen Bang 2022' is a traditional large-scale turn-based role-playing game, the game tells the legendary story of Nezha and others helping Zhou Fachang. In this work, an orthodox script with eight chapters is included: Stage1 'Nezha Naps the Sea' Stage2 'Hell Adventure' Stage3 'Four Wicked Men' Stage4 'Four Generals of the Magic House' Stage5 'Rescue Nishiki' Stage6 'Seven Monsters of Meishan' Stage7 'The War News' Stage8 'Offensive Chaoge' Turn-based system and special gameplay In this work, thousands of enemy monsters are on the stage, and the enemy monsters will release special skills as their levels increase. In this work, a variety of items can be collected through plots and hiding, and they can be used in battle to strengthen our army's combat capabilities. In this work, the number of hidden objects that can be found is close to hundreds. In this work, a variety of treasures can be obtained through scripts and hiding. These treasures can be used to improve our combat ability. In this work, the skills of each character are unique, and each character can perform its own functions. In this work, the equipment can be upgraded through specific props, and the upgraded equipment may have new hidden effects. In this work, battle data statistics are provided, and you can see the benefits of players in the battle. Chapter One Nezha’s Trouble in the Sea Nezha was born with supernatural power, set off huge waves in the sea, stirred the Dragon Palace, and offended the Sihailongwang. The dragon kings cast a spell to drop heavy rain and Chentangguan was flooded. In order to calm the flood, Nezha made a big disturbance in the Sihailong Palace... Chapter Two: Adventures in Hell The real Nezha Taiyi gave instructions to go to hell to practice. In the hell, Nezha needs to defeat ten palace kings to return to the world. Chapter Three The Four Wicked Men Nezha got the help of good friends Xiaolongnv and Yang Jian along the way, and the three of them worked together to defeat the four evil men who harmed one party and eliminated harm for the people. Chapter Four The Four Generals of the Magic Family Nezha and his party came to Jiadong Town, where they eliminated the human-eating monster Flower Fox Mink, and then they moved on and came to the daughter country, defeated the monster Pipa Jing, rescued Huang Tianhua, and got it from Huang Tianhua After that, Nezha and the others defeated the four demon generals who guarded Jia Mengguan with the drill, and they were able to move on. Chapter Five Rescue Xiqi Nezha and his party came to Xiqi City and found that there was a plague in Xiqi City. In a dream, Yang Jian got the guidance of Master Yuquan, and learned that the immortals in Huoyun Cave had medicine for the plague, so they went to Huoyun Cave. The immortals in China asked for medicine, and finally they succeeded in asking for medicine and successfully cured the plague in Xiqi City. Chapter Six The Seven Monsters of Meishan After Nezha and his party went on to destroy the two magical monsters Taojing and Liugui next to Qipanshan, they came to Meishan Town and learned that there were seven human-shaped monsters in the town that were harming people, so they found the end. The fairy Yun Zhongzi on Nanshan borrowed a mirror to take the magic mirror and finally wiped out the monsters in Meishan Town. Chapter Seven The Great Master Wen Wen Nezha and others came to Qinglong Pass. Unexpectedly, there was a strong wind at Qinglong Pass, which made it impossible to get close to Qinglong Pass. Nezha and others went on to arrive at Wansha Village. They did not expect to be ambushed by Master Wen. Jiang Ziya caught the sound. Taishi’s soul-locking curse fell, and everyone ran around and finally learned the way to save Jiang Ziya. After that, they found the grass man and saved Jiang Ziya. Jiang Ziya was in a coma under the guidance of Master Yuanshi Tianzun and learned of the strong wind at Qinglong Pass. They needed to use the Ding Fengzhu to stay there before they could get close to Qinglong Pass. Finally, they borrowed the Ding Fengzhu to settle the gale, and fought a fierce battle with Master Wen, and finally defeated Master Wen. Chapter eight Attacking Chaoge After all the hardships, everyone finally came to Chaoge City. They learned that the blood gourd was Daji’s nemesis in Baishi Village. After that, they found the blood gourd in the maelstrom and began to advance towards Chaoge City when they were ready. After destroying Da Ji’s two younger sisters, Pipa Jing and Pheasant Jing, Da Ji fled back to her old nest Xuanyuan Tomb, after which everyone went to Xuanyuan Tomb and destroyed Da Ji, and found a large number of magic weapons from her lair. After getting on the magic weapon, everyone went to the Star Picking Tower and defeated King Zhou. King Zhou had a magical body and could not destroy him directly. Everyone had to go to the fairy for help. The fairy gave Nezha and the others an ancient artifact Nine Dragons cover, and everyone finally The Nine Dragon Mask successfully eliminated King Zhou and saved the people of the world. Since then, the world is peaceful and the people live and work in peace and contentment. After success, Nezha and others continued their practice. ----------------------- | Branch chapter plot | ----------------------- NO.1 Weihe Dragon King When Nezha and others came to the Weihe Dragon Palace, they encountered constant provocations by the arrogant Weihe Dragon King. They had no choice but to compete with the Weihe Dragon King and defeat the Weihe Dragon Queen. The Weihe Dragon King gifted him with a dragon ball and asked Nezha and others to help find the Moonlight Treasure. Box, Nezha and others came to the sea cave to find the Moonlight Treasure Box, but they encountered the deep sea giant shark. After a hard fight, they finally defeated the deep sea giant shark. Finally, Nezha and others found the Moonlight Treasure Box in the sea cave. It was handed over to the Weihe Dragon King. The Weihe Dragon King obeyed the agreement and gifted the dragon ball to Nezha. After that, Nezha and others left Weihe and continued on. NO.2 Humming two generals The second general of Erlongshan was invited by Shen Gongbao, the national teacher of the Shang Dynasty, to stop Nezha and others. The second general of Humha trained the impervious body of King Kong. In order to defeat the second general, Nezha and others came to the vicinity of Erlong Mountain. Xianshan looked for ways to restrain the two generals of Huo Ha, and happened to encounter a Taoist with a profound knowledge of the truth of the two generals. In order to defeat the second general, Nezha and others paid a lot of money to ask the Taoist for help. Yuan Wu Lei Dafa was given to Nezha, and then Nezha and others used this spell to defeat the second general, Huo Ha, and then Nezha and others continued on their way. NO.3 Ten Definite Array Nezha and others broke into Jin'ao Island, and happened to see the ten immortals of Jin'ao Island finishing the ten perfect array. The two sides did not speculate and provoke each other. The ten immortals of Jin'ao Island asked Nezha and others to break the formation, and Nezha was full of blood. , I didn't know the murderous intent in the formation, and directly agreed to break the formation, and finally, after hard work and paid a huge price, finally broke the Shijue formation and defeated the Ten Immortals of Jin'ao Island. NO.4 Jiuqu Yellow River Array The big disciple Zhao Gongming of Biyou Palace was invited by Taishi Wen to come to Qinglongguan to help out. With the help of Taoist Lu Ya, Nezha and others killed Zhao Gongming with the nail-headed seven arrows. The fairy of Sanxian Island is In order to help Zhao Gongming get revenge, Zhao Gongming’s younger sister set up the Jiuqu Yellow River Array. Finally, with the help of the Weihe Dragon King, Nezha and others broke the Jiuqu Yellow River Array and defeated Fairy Sanxiao. March towards Chaoge. NO.5 Zhuxian Formation Nezha and others came near Chaoge, who knew that Shen Gongbao laid down the Zhuxian formation, preparing to destroy Nezha and others. The Zhuxian formation is infinitely powerful, and the four swords in the formation are unstoppable. Fortunately, Nezha and others are highly skilled. After breaking through various obstacles, he finally drew out the four swords of Zhuxian and broke the Zhuxian formation. Shen Gongbao saw this and made chaos with the magic treasure and took the opportunity to escape. NO.6 Ten Thousand Immortals Nezha and the rest of the army pressed the realm, Shen Gongbao invited the masters of the Biyou Palace to join forces to set up the Ten Thousand Immortal Array, ready to fight with Nezha and the others. The ten thousand immortal formations are full of murderous intent, and there are many masters, Nezha and others pass by. Fighting hard, paying a huge price, finally defeated the master in the formation, broke the Wanxian formation, and finally Shen Gongbao was rescued by a mysterious force. After Nezha and others broke the Wanxian formation, the last barrier of Chaoge City was Breaking, in order to eliminate King Zhou as soon as possible, Nezha and the others struck the iron while it was hot and launched an attack on Chaoge City.",['Simplified Chinese'],['Simplified Chinese'],,https://cdn.akamai.steamstatic.com/steam/apps/1807750/header.jpg?t=1641492042,,,2751321411@qq.com,True,False,False,0,,0,682,58,,0,703,,0,0,0,0,FC Maker,FC Maker,"Single-player,Partial Controller Support","Adventure,Casual,Indie,RPG,Strategy","RPG,JRPG,Mythology,Strategy,Story Rich,Turn-Based Combat,Turn-Based Strategy,Party-Based RPG,2D Platformer,Tactical RPG,Drama,Pixel Graphics,Turn-Based Tactics,2D,Cartoon,Cute,Hand-drawn,Retro,Relaxing,Funny","https://cdn.akamai.steamstatic.com/steam/apps/1807750/ss_5dd9af9afc30958b56bb8b15a11296cda4185fdf.1920x1080.jpg?t=1641492042,https://cdn.akamai.steamstatic.com/steam/apps/1807750/ss_a0f8c4748f96ad63d7aab57f509c17102352e1f2.1920x1080.jpg?t=1641492042,https://cdn.akamai.steamstatic.com/steam/apps/1807750/ss_cccd414bf915ce3fe97a2a63b721cc9e9670a86b.1920x1080.jpg?t=1641492042,https://cdn.akamai.steamstatic.com/steam/apps/1807750/ss_765298684eec3f5fcb40528bf225d7d86d4cc5aa.1920x1080.jpg?t=1641492042,https://cdn.akamai.steamstatic.com/steam/apps/1807750/ss_f1fbf4c55d7d1c8a2efeaa82284e33449a4b3a00.1920x1080.jpg?t=1641492042,https://cdn.akamai.steamstatic.com/steam/apps/1807750/ss_a6b287850551599d5ebf8258f9e732b390c530e2.1920x1080.jpg?t=1641492042,https://cdn.akamai.steamstatic.com/steam/apps/1807750/ss_7dade6b7da3e8a8808ed4be1a0cdb6acc03a9cf2.1920x1080.jpg?t=1641492042,https://cdn.akamai.steamstatic.com/steam/apps/1807750/ss_c08f55cb2883b2994b7622a7e454420fa5510472.1920x1080.jpg?t=1641492042,https://cdn.akamai.steamstatic.com/steam/apps/1807750/ss_aff91f4d696df32fd9e6452376b20a0f96f378ca.1920x1080.jpg?t=1641492042,https://cdn.akamai.steamstatic.com/steam/apps/1807750/ss_3d92e02d200336c3a0f6a882ebad408b944d4f4e.1920x1080.jpg?t=1641492042,https://cdn.akamai.steamstatic.com/steam/apps/1807750/ss_6b42d911286e275bb62e637e683ee381adf76a05.1920x1080.jpg?t=1641492042,https://cdn.akamai.steamstatic.com/steam/apps/1807750/ss_ec928ec173693682073401b4d7d55fbb009755d6.1920x1080.jpg?t=1641492042,https://cdn.akamai.steamstatic.com/steam/apps/1807750/ss_1e152eb4ff3a07946ae39829b4651c89036b05b9.1920x1080.jpg?t=1641492042,https://cdn.akamai.steamstatic.com/steam/apps/1807750/ss_38a5872c401e2dec288b80244039b7f951ce720b.1920x1080.jpg?t=1641492042,https://cdn.akamai.steamstatic.com/steam/apps/1807750/ss_dc9a2abf543d6077062b7eb6857d858e5a8202bb.1920x1080.jpg?t=1641492042,https://cdn.akamai.steamstatic.com/steam/apps/1807750/ss_f8df85adb231a10baec10e0dcb40c18bf895f3b9.1920x1080.jpg?t=1641492042,https://cdn.akamai.steamstatic.com/steam/apps/1807750/ss_0ede52780843bc70bff911ed060890f23b0c42f7.1920x1080.jpg?t=1641492042,https://cdn.akamai.steamstatic.com/steam/apps/1807750/ss_09947957b8b55ab30dbc44463aa2fd362200d2ef.1920x1080.jpg?t=1641492042,https://cdn.akamai.steamstatic.com/steam/apps/1807750/ss_21cde6aae5ea715658a2c5c07659f7d4eac0bda0.1920x1080.jpg?t=1641492042,https://cdn.akamai.steamstatic.com/steam/apps/1807750/ss_a02b43dc2618a10e1a2c39356e3a0281dfd65999.1920x1080.jpg?t=1641492042,https://cdn.akamai.steamstatic.com/steam/apps/1807750/ss_0ae5f5edc6a3d9f642ff98fbb133aede26bf4cf7.1920x1080.jpg?t=1641492042,https://cdn.akamai.steamstatic.com/steam/apps/1807750/ss_16b7b487701e139c557ddebfe8ec16645afdc789.1920x1080.jpg?t=1641492042,https://cdn.akamai.steamstatic.com/steam/apps/1807750/ss_680bd5de9d6ec3d0c867f8b42e0785fdcae871e2.1920x1080.jpg?t=1641492042,https://cdn.akamai.steamstatic.com/steam/apps/1807750/ss_68745e7d9df3bd6e9816c272b8a1e44a0561113b.1920x1080.jpg?t=1641492042,https://cdn.akamai.steamstatic.com/steam/apps/1807750/ss_c24ef555a99391c8dd8611d7e96b0893f507273a.1920x1080.jpg?t=1641492042,https://cdn.akamai.steamstatic.com/steam/apps/1807750/ss_243d73c7778d96e7a76e43906689459ffc4891e3.1920x1080.jpg?t=1641492042,https://cdn.akamai.steamstatic.com/steam/apps/1807750/ss_72f5ecc859eb0b01ce46c78a4b6cc6b885e99d5f.1920x1080.jpg?t=1641492042,https://cdn.akamai.steamstatic.com/steam/apps/1807750/ss_ae6c98b8f856d0c75c54ed8cfeec3d10599569f1.1920x1080.jpg?t=1641492042","http://cdn.akamai.steamstatic.com/steam/apps/256862273/movie_max.mp4?t=1638501150,http://cdn.akamai.steamstatic.com/steam/apps/256862274/movie_max.mp4?t=1638501157"
1895240,Love on Beach,"Mar 3, 2022",0 - 20000,0,0,10.99,0,"John went for an internship at a shop on a tropical island, but it's more like a holiday. A bit different approach to Visual Novel with multiple dating events and endings. In this game you can: Hang out with the girls! Get lost on an island! Enjoy your vacations! Have fun on the beach! The game has about 2 hours of content (All character routes. Depending on your reading speed).","['English', 'Polish']",[],,https://cdn.akamai.steamstatic.com/steam/apps/1895240/header.jpg?t=1646295414,,http://mikolajspychal.com/,,True,False,True,0,,0,2,0,,6,0,All characters are over 18 years old. Contains suggestive scenes and dialogues. Contains language not suitable for the younger audience.,0,0,0,0,Mikołaj Spychał,Mikołaj Spychał,"Single-player,Steam Achievements,Partial Controller Support,Steam Cloud","Adventure,Casual,Indie","Sexual Content,Visual Novel,Anime,Multiple Endings,Dating Sim,Choose Your Own Adventure,Colorful,Comedy,Relaxing,Romance,Adventure,Modern,Funny,Casual,Cute,Emotional,Nature,2D,First-Person,Singleplayer","https://cdn.akamai.steamstatic.com/steam/apps/1895240/ss_ac9adaee7cdfb5fef89730e333f8497cb4334b61.1920x1080.jpg?t=1646295414,https://cdn.akamai.steamstatic.com/steam/apps/1895240/ss_a13e0c16074367be4845ac59146facb0971a70af.1920x1080.jpg?t=1646295414,https://cdn.akamai.steamstatic.com/steam/apps/1895240/ss_8a1d4712f140c4129fa8968f59e269c05493cb63.1920x1080.jpg?t=1646295414,https://cdn.akamai.steamstatic.com/steam/apps/1895240/ss_1baa80f83beb7ca2efd6f667a61318c9e7b0fece.1920x1080.jpg?t=1646295414,https://cdn.akamai.steamstatic.com/steam/apps/1895240/ss_e6554affb99151954b533d653a736b8727f1a7e4.1920x1080.jpg?t=1646295414,https://cdn.akamai.steamstatic.com/steam/apps/1895240/ss_50b71a6bc4bccbf1f08e2cecc49f8de0132df7e1.1920x1080.jpg?t=1646295414,https://cdn.akamai.steamstatic.com/steam/apps/1895240/ss_dc7e9add31727175369c72e93602d8aa3dda0381.1920x1080.jpg?t=1646295414,https://cdn.akamai.steamstatic.com/steam/apps/1895240/ss_0ca710678ac7514d14e95a0bd52e6563642868ac.1920x1080.jpg?t=1646295414",http://cdn.akamai.steamstatic.com/steam/apps/256871651/movie_max.mp4?t=1644047565
1987110,虚幻宇宙：重启,"May 23, 2022",20000 - 50000,0,0,5.99,0,世界首款虚幻引擎5游戏早期访问版，FPS界的类魂游戏，难度高，除非是真高手，否则百分之九十九会被整惨，颠覆传统准星瞄准类第一人称射击游戏，角色移动影响射击方向，史诗与微末的巧妙结合，架空宇宙，改变传统游戏游玩感受，使游戏感受与真实感受高度融合，在这里你将获得其他游戏给不了你的感受，当然代价是其他游戏甚至魂类游戏都给不了你的折磨，也许这就是人生吧，通关游戏不仅需要技术而且还需要一些概率事件（部分人称之为运气运气）（你要是能通关，作者愿称你为宇宙最强） W向前 S向后 A向左 D向右 鼠标左键射击 空格键跳跃 同时可以按左shift在奔跑状态下完成上述操作（但为了仿真，奔跑时操作会特别晃动，玩家要在速度与稳定中取舍） 武器可能是来自另一个宇宙的支援，未知的事物实在太多，你要一步一步自己发现，最重要的是你现在需要冲破怪物的阻拦到前方去救你的老婆们 请在无限的轮回中发现自己的移动速度和敌人移动速度的差距，敌人伤害，和自己的伤害承受力，特别是判断子弹方向和落点等，在这里尽量不透露游戏信息 你只需只知道，你一睁眼（无开始菜单，直接游戏）就发现一群怪物向你冲来，而你手持双黄金ak，远方还有老婆们等你去救，还等什么？当然掏出枪去射啊！ 本游戏力图突破已往思维，让玩家如同身临其境，想办法去除任何游戏控制面板（早期版本不得不加一些文字）让玩家感觉自己不是在玩游戏而是亲身参与一些事，接下来会想办法加入大量中文语音，通过语音的方式而不是文字说明让玩家知道自己在干什么事，尽最大可能让玩家脱离以往游戏各种设置和画质选择难题，更要照顾一些电脑配置一般的玩家，就像让玩家读了一本书，看了一部电影，听了一个故事，交了一个朋友，产生自己的思考。 巨量的敌人神出鬼没，突然袭击，超快的速度，超高的伤害 而你手持双黄金ak，无限子弹，无后坐力，强力的跳跃，在受到致命伤害前你会被一种力量重生，最重要的是你拥有有睿智的大脑 虽然对这个虚幻宇宙貌似一无所知，但有很多事需要做，恢复自己的重伤，修复自己的铠甲，营救自己的老婆们，完成伟大的事业，拯救全宇宙 不可描述的力量保护着你，还会遇到穿越宇宙只为帮助你的同志 为庆祝国际五一劳动节而提前发布，写此说明的时间是北京时间4月30日，不知道Steam什么时候能通过审核，只要审核通过，立刻发布 任何不满还请不要差评，作者真心想做一款伟大的游戏，请直接加群或联系作者qq，任何批评和建议都会虚心接受，保证给你一个满意的答复 同志，请和我一起做一款伟大的游戏把！ 特别感谢虚幻引擎和虚幻商城还有微软的大力支持！ (如果电脑配置一般，游戏目录里有低画质补丁) (早期访问版，配音和许多东西没有做完) 官方问题反馈群298536591 (游戏设定是你可能进入了虚幻宇宙，运行程序后，将不会出现像其他游戏那样的游戏菜单，而是直接出现在怪物面前，游戏（人生）无法暂停，只可以通过人类文明的强大技术（任务管理器或开始菜单）强行离开虚幻宇宙，不断完善游戏后游戏里的多数字体都会被中文配音取代，从而获得更强的沉浸感受。) 为最大限度的提升游戏性能以及一些其他的原因，游戏未作加密，当然，游戏会尽可能的高频更新。 最后，各位同志，且玩且珍惜吧，这游戏得罪了不少人，得罪了纳粹，得罪了精日，得罪了精资，搞不好还会得罪...... 人类文明万岁,['Simplified Chinese'],['Simplified Chinese'],,https://cdn.akamai.steamstatic.com/steam/apps/1987110/header.jpg?t=1653376917,,,2994099375@qq.com,True,False,False,0,,0,1,0,,11,0,枪击,0,0,0,0,云瑞同志,云瑞同志,Single-player,"Action,Adventure,Casual,Indie,Racing,RPG,Simulation,Sports,Strategy,Early Access","Early Access,Adventure,Action,RPG,Shooter,Tactical RPG,FPS,Souls-like,3D,Colorful,Realistic,First-Person,Stylized,Foreign,World War I,World War II,Artificial Intelligence,Faith,Military,Cold War","https://cdn.akamai.steamstatic.com/steam/apps/1987110/ss_a5631ccb20f3e106835dd41efe75f54f3820084d.1920x1080.jpg?t=1653376917,https://cdn.akamai.steamstatic.com/steam/apps/1987110/ss_e93f67463879bf094e65a45de85c55092d80982d.1920x1080.jpg?t=1653376917,https://cdn.akamai.steamstatic.com/steam/apps/1987110/ss_cdb00e3636ba82a30e912950ebd8571c3c2ede7b.1920x1080.jpg?t=1653376917,https://cdn.akamai.steamstatic.com/steam/apps/1987110/ss_7ceda84f432de4e8bda020c5324d70c65958c17e.1920x1080.jpg?t=1653376917,https://cdn.akamai.steamstatic.com/steam/apps/1987110/ss_ed5575036ec8655be71f14488f8c1f20df90d24e.1920x1080.jpg?t=1653376917",http://cdn.akamai.steamstatic.com/steam/apps/256884755/movie_max.mp4?t=1653376908
1686500,Discord Bot Workshop [EARLY ACCESS],"Sep 22, 2021",0 - 20000,0,0,7.99,0,"[EARLY ACCESS] Make Discord bots faster, smarter, easier with Discord Bot Workshop. DBW is a way for beginners to work with an extremely user friendly and intuitive workspace and create custom discord bots with ease. Active support and frequent and consistent updates to update you with the very latest Discord features like buttons, dropdowns and even context menus. Discord bot workshop is the most advanced discord bot creator right now holding over 300 unique features in a simple infinite flowchart based node editor. Think something is limited? Easily create your own features with Mods! Mods can be created to add extra features to the app when needed and also many are already available for free! Want to share a command? You can do this in seconds with our raw data feature. In just 2 button presses you can share your commands worldwide with anyone you want! More features: - Embed creating with realistic embed previews - Image creating - Almost every Discord event (member join, member leave etc) - Music features - Spreadsheet reading and writing - Custom code blocks - Reaction nodes - Discord Buttons - Discord Dropdowns - Discord Context Menus - Function calling and creating - Guild only prefixes - Looping actions - Leaderboard creating - Mods + over 200 more features",['English'],['English'],,https://cdn.akamai.steamstatic.com/steam/apps/1686500/header.jpg?t=1649887608,https://discordbotworkshop.com,www.discordbotworkshop.com,discordbotworkshop@gmail.com,True,False,False,0,,0,1,10,,0,0,,0,0,0,0,Discord Bot Workshop,Discord Bot Workshop,,"Design & Illustration,Utilities,Game Development","Design & Illustration,Game Development,Utilities,Robots,Early Access,2D,Singleplayer,Family Friendly","https://cdn.akamai.steamstatic.com/steam/apps/1686500/ss_780bc61699755ff54262b7376610e27f6ea88df2.1920x1080.jpg?t=1649887608,https://cdn.akamai.steamstatic.com/steam/apps/1686500/ss_400999539d47d5612c17c0f496319936bd384a95.1920x1080.jpg?t=1649887608,https://cdn.akamai.steamstatic.com/steam/apps/1686500/ss_22e4bd23da6179f831908fb3d2569787d4c2f58e.1920x1080.jpg?t=1649887608,https://cdn.akamai.steamstatic.com/steam/apps/1686500/ss_ac33589dd4083d6c004d6e46495fb75e09a56a17.1920x1080.jpg?t=1649887608,https://cdn.akamai.steamstatic.com/steam/apps/1686500/ss_da4f8a273c85490464d81fc97c978d6d623d37b8.1920x1080.jpg?t=1649887608",http://cdn.akamai.steamstatic.com/steam/apps/256841508/movie_max.mp4?t=1629536216
1395310,World of Soccer RELOADED,"Oct 28, 2020",50000 - 100000,0,0,0.0,0,"World of Soccer RELOADED is a free-to-play multiplayer soccer game. What makes it unique is the ability to control only one player instead of the entire team, simple graphics and mechanism requiring a whole bunch of skill to master! Are you as talented and skilled player as you think? Let's find out and see if you and your team can get to the top during many competitions like our League, 2v2 tournaments or the NEW Match Making mode! Fast Paced Tatical Soccer Unlimited Progress Opportunity Simple But Awesome Graphics That Your PC Will Easily Handle! World of Soccer RELOADED Brings to you many amazing ways to compete amongst the other teams and players! Have you got what it takes to become a super-star? Top scorer in the league? We're waiting for you to show us what you've got! Become a part of this highly competitive game NOW for FREE! IN-GAME LEAGUE DISCORD COMMUNITY COMPETITIONS MATCHMAKING INDIVIDUAL TROPHIES TEAM TROPHIES Choose one of 30 different skins, each one giving you a specific boost. Choose between 3 different sizes, matching the skills to your position.",['English'],[],,https://cdn.akamai.steamstatic.com/steam/apps/1395310/header.jpg?t=1613845254,,,office.wosonline@gmail.com,True,False,False,0,,0,77,32,,14,0,,0,0,0,0,"JoneH,Dominik,Bonança,domi383",Wos Dev Team,"Multi-player,PvP,Online PvP,Co-op,Online Co-op,In-App Purchases","Free to Play,Indie,Massively Multiplayer,Sports","Sports,Massively Multiplayer,Competitive,Football,Free to Play,Soccer,Team-Based,Cartoony,Multiplayer,Online Co-Op,Indie,Arcade,Fast-Paced,Top-Down,Strategy,PvP,Co-op","https://cdn.akamai.steamstatic.com/steam/apps/1395310/ss_17d789d4ced43645eb7cf64032d4d56e28b44d94.1920x1080.jpg?t=1613845254,https://cdn.akamai.steamstatic.com/steam/apps/1395310/ss_40818c65a2b12d4a27c7b66d4b7e6296ec55e64c.1920x1080.jpg?t=1613845254,https://cdn.akamai.steamstatic.com/steam/apps/1395310/ss_27aed541672c2fdd41df1a812d9cf4dcdd999c3b.1920x1080.jpg?t=1613845254,https://cdn.akamai.steamstatic.com/steam/apps/1395310/ss_47c1f7534f50b0ed4f7fa98e2fbe9fbc573ff97b.1920x1080.jpg?t=1613845254,https://cdn.akamai.steamstatic.com/steam/apps/1395310/ss_2629d6b3647e41b70920f3d7130119ada91d1926.1920x1080.jpg?t=1613845254,https://cdn.akamai.steamstatic.com/steam/apps/1395310/ss_e2222a470641cf28a6ffbaec3e54252900f00253.1920x1080.jpg?t=1613845254",http://cdn.akamai.steamstatic.com/steam/apps/256799648/movie_max.mp4?t=1599522224
1683000,Geometric Sniper - Z,"Dec 16, 2021",0 - 20000,1,0,3.99,2,"A never-seen zombie game! Grab your rifle and hunt the cute zombies in a world with beautiful black and white 2D art style! Manage your money and resources wisely, have fun in various game modes, buy weapons and customize your avatar, breathe, aim and start blasting those funny and angry zombie heads! Watch out for mutated zombies, they need special 'care'! See some news for this game: - Create your character; - Gun store; - Skin shop; - Manage your ammo and weapons arsenal; - New shooting system; - You can take 2 weapons in game play; - Buy weapons for your pet; - Runaway Mode (Fun game mode where you are a hungry zombie who wants to devour more and more brains, but be careful with the Sniper!); - Side missions where you can win prizes; - Interactions with the scenario; - Mutant zombies, with special abilities; - Lots of zombie heads exploding; - And other news... Arm yourself and get ready to blow some heads off. Good hunting!","['English', 'Portuguese - Brazil']","['English', 'Portuguese - Brazil']",,https://cdn.akamai.steamstatic.com/steam/apps/1683000/header.jpg?t=1641350969,,,suporte@yawstudios.com,True,False,False,0,,0,20,2,,27,0,"In this game there will be, shots, blood, zombies and crimes.",0,0,0,0,YAW Studios,YAW Studios,"Single-player,Steam Achievements,Steam Cloud,Steam Leaderboards","Action,Casual,Indie,Early Access","Zombies,Sniper,FPS,PvE,Shoot 'Em Up,Shooter,Isometric,Action,Hand-drawn,Casual,Military,Survival,Early Access,Singleplayer,Violent,Narrative,Destruction,2D,Indie,Funny","https://cdn.akamai.steamstatic.com/steam/apps/1683000/ss_32851907673766d8cc4e1cdd7afcb6e164ba0054.1920x1080.jpg?t=1641350969,https://cdn.akamai.steamstatic.com/steam/apps/1683000/ss_51179ca01595c014739fec501fd7c8a7bd0d726e.1920x1080.jpg?t=1641350969,https://cdn.akamai.steamstatic.com/steam/apps/1683000/ss_3f6c80d1cd98fd1f36c8d8df168dbed110158edf.1920x1080.jpg?t=1641350969,https://cdn.akamai.steamstatic.com/steam/apps/1683000/ss_55ff0b0811045ddf41ee8ebdbd3451c613a73fa7.1920x1080.jpg?t=1641350969,https://cdn.akamai.steamstatic.com/steam/apps/1683000/ss_1fcb3a98b4a4ac7afc55746de57b0d19923d2813.1920x1080.jpg?t=1641350969,https://cdn.akamai.steamstatic.com/steam/apps/1683000/ss_75e22a4b9f51811dfa6bb6124125c0d7db740d43.1920x1080.jpg?t=1641350969,https://cdn.akamai.steamstatic.com/steam/apps/1683000/ss_95e4e0348939b0c89524a3f3f027653048ec30be.1920x1080.jpg?t=1641350969,https://cdn.akamai.steamstatic.com/steam/apps/1683000/ss_c1f86d4a45f3f6e0ec453fd341853077d757d182.1920x1080.jpg?t=1641350969,https://cdn.akamai.steamstatic.com/steam/apps/1683000/ss_f826c9c66520aca6992d4117398e46182a2aef70.1920x1080.jpg?t=1641350969,https://cdn.akamai.steamstatic.com/steam/apps/1683000/ss_682caf9065b8fb9c66fe4025d55b1012afaca4dc.1920x1080.jpg?t=1641350969,https://cdn.akamai.steamstatic.com/steam/apps/1683000/ss_a227697ed7e46e5b1b68f80425082ef3e1e2233c.1920x1080.jpg?t=1641350969","http://cdn.akamai.steamstatic.com/steam/apps/256841842/movie_max.mp4?t=1639690742,http://cdn.akamai.steamstatic.com/steam/apps/256862196/movie_max.mp4?t=1638452004,http://cdn.akamai.steamstatic.com/steam/apps/256862193/movie_max.mp4?t=1637924445,http://cdn.akamai.steamstatic.com/steam/apps/256865465/movie_max.mp4?t=1639690748"
2326670,VR Rescue Girls,"Apr 1, 2023",0 - 0,0,0,4.49,0,"This game is for VR only. Please make sure to check the operation with the demo version before purchasing. Sex simulation game . Find and rescue girls who have been turned into figurines! Have sex with the girls you find! The play scene is a simple sex simulation! Get the girl naked and change positions at will! You can even change the speed at which she shakes her hips! There are three girls in total, and you can have them all out at once for harem play! More girls to be added!","['English', 'Japanese']",[],,https://cdn.akamai.steamstatic.com/steam/apps/2326670/header.jpg?t=1680410135,,,steam.kuryu0623@gmail.com,True,False,False,0,,0,0,0,,0,0,"This game contains nudity, sexual content, adult content, and other content not intended for all ages. It does NOT include depictions of alcohol abuse, violence, self-harm, or suicide.",0,0,0,0,SK Soft,SK Soft,"Single-player,VR Only",Simulation,,"https://cdn.akamai.steamstatic.com/steam/apps/2326670/ss_eafe11342a4ecc8ceb3e9a60d35cb1e0d1710059.1920x1080.jpg?t=1680410135,https://cdn.akamai.steamstatic.com/steam/apps/2326670/ss_5a316a63ad0a00e95eb732238f875840a51a2646.1920x1080.jpg?t=1680410135,https://cdn.akamai.steamstatic.com/steam/apps/2326670/ss_34041e6b822709442c3d73e3ba79fd99d5e0b196.1920x1080.jpg?t=1680410135,https://cdn.akamai.steamstatic.com/steam/apps/2326670/ss_8de3dfb1d101e0ae23760b9426c7019ceb018ba1.1920x1080.jpg?t=1680410135,https://cdn.akamai.steamstatic.com/steam/apps/2326670/ss_c3c5c8862d6ee7823f12b2f729f187aef6c0a5af.1920x1080.jpg?t=1680410135,https://cdn.akamai.steamstatic.com/steam/apps/2326670/ss_cb8a877e2e7927c51e78ac4f80f2d4d68dccd38e.1920x1080.jpg?t=1680410135",http://cdn.akamai.steamstatic.com/steam/apps/256934404/movie_max.mp4?t=1678751373
1126510,Sad :'),"Aug 14, 2019",0 - 20000,0,0,0.0,0,"Sad :') is a simple game which tries to speak solely through its gameplay (with a little hint from its title). Sad :') is a small arcade game with just one endless level: move naked around your bubble trying to be happy by staying near others, but be careful not to get hurt, the game will end only if you want it to end. The gameplay follows 3 simples elements: Stay near the other characters to increase your happiness Avoid getting hit (or hit first) to keep moving Various power-ups will help you with your life, happiness and bubble size This game has been made solely by me in a couple of sleepless nights, it will receive minimum support as I'm working on other projects, but I'm thinking about updating It with some achievements or hair. I'm publishing it for free mostly because I'm curious about the reception.",['English'],[],,https://cdn.akamai.steamstatic.com/steam/apps/1126510/header.jpg?t=1565766736,,,simonedelsignore516@gmail.com,True,False,False,0,,0,33,4,,0,0,Unrealistic Nudity,0,0,0,0,Simone Del Signore,Simone Del Signore,"Single-player,Partial Controller Support","Action,Casual,Indie","Action,Casual,Indie,Nudity","https://cdn.akamai.steamstatic.com/steam/apps/1126510/ss_546998718b3ad41e8bd75f888d589b5bf8209383.1920x1080.jpg?t=1565766736,https://cdn.akamai.steamstatic.com/steam/apps/1126510/ss_bc642f79204166c00a37f1f63f3e96c340c63ec3.1920x1080.jpg?t=1565766736,https://cdn.akamai.steamstatic.com/steam/apps/1126510/ss_dac016f0e48f8f0392e23190004af81c42b0c847.1920x1080.jpg?t=1565766736,https://cdn.akamai.steamstatic.com/steam/apps/1126510/ss_762bdc9047c1304c248d2ae6a9361bdc2de1d717.1920x1080.jpg?t=1565766736,https://cdn.akamai.steamstatic.com/steam/apps/1126510/ss_b22faa66086a4081f7691736d8e9783a25abff9e.1920x1080.jpg?t=1565766736",
1646230,PEOPLEDOWN,"Jul 20, 2021",0 - 20000,1,0,4.99,0,"PEOPLEDOWN is a 'Hotline Miami' style top-down stealth action game. A short experimental game. There are 5 stages in all! House, Office, Factory, Bank, Gang. Enjoy 'Hotline Miami' style gameplay on your favorite stage! In addition to the normal game mode, there is a killing mode. Wipe out and refresh your enemies with the rocket launcher!",['English'],[],,https://cdn.akamai.steamstatic.com/steam/apps/1646230/header.jpg?t=1631673285,,,new.yuki.yuki.0124g@gmail.com,True,False,False,0,,0,1,0,,0,0,"This game features violence, gore.",0,0,0,0,3CatStudio,3CatStudio,"Single-player,Full controller support,Steam Cloud","Action,Indie","Top-Down Shooter,Action,Shoot 'Em Up,Stealth,Shooter,Top-Down,Singleplayer,Gore,Violent,Indie,3D","https://cdn.akamai.steamstatic.com/steam/apps/1646230/ss_6cb65fadbbbe3240d8e684d4a0ef4cda64310220.1920x1080.jpg?t=1631673285,https://cdn.akamai.steamstatic.com/steam/apps/1646230/ss_b25ef771b6f9b7fde1228246a1b25df1fe0a3612.1920x1080.jpg?t=1631673285,https://cdn.akamai.steamstatic.com/steam/apps/1646230/ss_6e6bf7db1fde61b980cc19e4af9b8d0d6c877831.1920x1080.jpg?t=1631673285,https://cdn.akamai.steamstatic.com/steam/apps/1646230/ss_ecfad47e365167c6a21a71d966aeb2a7bfa34970.1920x1080.jpg?t=1631673285,https://cdn.akamai.steamstatic.com/steam/apps/1646230/ss_1954fd51227c6ac86916499123052988effa8ed4.1920x1080.jpg?t=1631673285,https://cdn.akamai.steamstatic.com/steam/apps/1646230/ss_b91d957def04caf312b7afaede0f3329b9cb26c7.1920x1080.jpg?t=1631673285,https://cdn.akamai.steamstatic.com/steam/apps/1646230/ss_afffd43c4e775d8199f7fd7316efebb713947786.1920x1080.jpg?t=1631673285,https://cdn.akamai.steamstatic.com/steam/apps/1646230/ss_6a63e23be34beafcb6a244870311b50034dd4af9.1920x1080.jpg?t=1631673285,https://cdn.akamai.steamstatic.com/steam/apps/1646230/ss_eab60a164c4e7a24007445fe89d90a41038f2ff4.1920x1080.jpg?t=1631673285",http://cdn.akamai.steamstatic.com/steam/apps/256835687/movie_max.mp4?t=1625124610
1902020,Phil Alone,"Jul 21, 2022",0 - 0,0,0,0.0,0,"A game made to Ludum Dare 47 - Stuck in a loop *Players with poor psychological, I suggest not playing this game...* ABOUT THE GAME Meet Phil Phil is alone in home when he wakes up and wants go out with his friends! But first he needs to do all his tasks! Help him before the day ends...or it doesn't? GAMEPLAY Phil Alone is a puzzle/horror game based on the old games 'Escape The Room', where you have to find some leads on how to get out of this huge puzzle in the best way possible. CONTROLS Arrow Keys - Move the cursor and the main character, Phil! Enter or Z - Confirm! X or Backspace - Cancel! F4 - Fullscreen! (By the way, I think it's better this way!) FEARTURES - 5 different endings but 1 true ending. - Pixel Art by artist Lime Zu. - A challenging puzzle. WARNING CONTENT WARNING: Suicide *Players with poor psychological, I suggest not playing this game...* THANK YOU I want to thank you everyone that supported our crowdfunding campaign and made this game available on Steam!","['English', 'Portuguese - Brazil']",[],,https://cdn.akamai.steamstatic.com/steam/apps/1902020/header.jpg?t=1658461211,,,gdoda2009@gmail.com,True,False,False,0,,0,0,0,,0,0,,0,0,0,0,Gabriel Dias,Gabriel Dias,Single-player,"Adventure,Free to Play,Indie",,"https://cdn.akamai.steamstatic.com/steam/apps/1902020/ss_cf389d971dc8a7ea183b1514d3102113955aca55.1920x1080.jpg?t=1658461211,https://cdn.akamai.steamstatic.com/steam/apps/1902020/ss_798bd3e94b87a53146481685a0e55cdda5204ab8.1920x1080.jpg?t=1658461211,https://cdn.akamai.steamstatic.com/steam/apps/1902020/ss_b149ae02f6bbe285a03b50f81ebb3c60f9d7694f.1920x1080.jpg?t=1658461211,https://cdn.akamai.steamstatic.com/steam/apps/1902020/ss_b869f6c227aea74a5af1cb66c9e7226e2e448d38.1920x1080.jpg?t=1658461211,https://cdn.akamai.steamstatic.com/steam/apps/1902020/ss_e5377b478f1622604199bd3f23addc23f57aa772.1920x1080.jpg?t=1658461211,https://cdn.akamai.steamstatic.com/steam/apps/1902020/ss_375bfa429507aee193db469ef0c98199874f8a9c.1920x1080.jpg?t=1658461211,https://cdn.akamai.steamstatic.com/steam/apps/1902020/ss_0e441ccecfe7e2dc71cf4e261158830a5c0016e4.1920x1080.jpg?t=1658461211,https://cdn.akamai.steamstatic.com/steam/apps/1902020/ss_0ad8b4f73459d973a4dfe2555b990f47ca134c79.1920x1080.jpg?t=1658461211,https://cdn.akamai.steamstatic.com/steam/apps/1902020/ss_fc0e8a4add6bcaae544d922ae4cbe61b66c163d1.1920x1080.jpg?t=1658461211",http://cdn.akamai.steamstatic.com/steam/apps/256874787/movie_max.mp4?t=1645482365
694960,Zenethics Lab : Outbreak,"Sep 4, 2017",0 - 20000,0,0,3.99,0,You wake up in the middle of the night and your girlfriend isn't by your side. In fact she hasn't responded to your messages since she left for work in the morning. You are worried and decide to go look for her at the lab she's working. Gameplay A mix of hack'n slash and third person shooter View frop top of the scene Die and retry : each game will provide you points that you can use to empower you and allow you to go further in the next try Endless mode : once you finish most of the story you will unlock endless mode where you will encounter empowered enemies in random generated levels Race mode : once you finish most of tyhe story you will unlock race mode were you will have to complete levels from the campain and specials ones as fast as you can Features Story mode of 40 levels + 6 shortcuts Random generated levels after level 15 Specific levels for Endless and Race modes Choose between 60 perks including 20 weapons to unlock 13 types of monsters including 4 bosses Combo system and adrenaline bar Light/shadow mechanics allowing deeper immersion in the game Full controller support Steamcloud,"['English', 'French']",[],,https://cdn.akamai.steamstatic.com/steam/apps/694960/header.jpg?t=1508757070,,,zenethicslab+support@gmail.com,True,False,False,0,,0,5,1,,34,0,,0,0,0,0,Gilles Schaeck,Gilles Schaeck,"Single-player,Steam Achievements,Full controller support,Steam Cloud,Steam Leaderboards","Action,Adventure,Indie,RPG","Action,Adventure,RPG,Indie","https://cdn.akamai.steamstatic.com/steam/apps/694960/ss_bd2888675923fbdffc5fbdd5dff4aecfe51f8c72.1920x1080.jpg?t=1508757070,https://cdn.akamai.steamstatic.com/steam/apps/694960/ss_f9966081b38263502ead4cee74fb6dc696b3c1be.1920x1080.jpg?t=1508757070,https://cdn.akamai.steamstatic.com/steam/apps/694960/ss_a15941b6726ad3a3487d325d6398e224de0b0773.1920x1080.jpg?t=1508757070,https://cdn.akamai.steamstatic.com/steam/apps/694960/ss_fb228907c836488329fd00296c0a3f69571e2cf7.1920x1080.jpg?t=1508757070,https://cdn.akamai.steamstatic.com/steam/apps/694960/ss_e55c4c1d6c3d92c84ce1ec86f85ef470873b057e.1920x1080.jpg?t=1508757070,https://cdn.akamai.steamstatic.com/steam/apps/694960/ss_8ad49bcdac936310144b1843dd79751c9bf57cfa.1920x1080.jpg?t=1508757070,https://cdn.akamai.steamstatic.com/steam/apps/694960/ss_731166dfce8fdaac80be6a6a1e35bfa319e975dc.1920x1080.jpg?t=1508757070,https://cdn.akamai.steamstatic.com/steam/apps/694960/ss_9e2058d5ff7d3223a82c05812f0066e8dbfe5d01.1920x1080.jpg?t=1508757070,https://cdn.akamai.steamstatic.com/steam/apps/694960/ss_3bb6a9d937deebd462d24f3f13290fd23f2dc196.1920x1080.jpg?t=1508757070,https://cdn.akamai.steamstatic.com/steam/apps/694960/ss_4cb736f622fff451b3b7c7f12412d255b39dda69.1920x1080.jpg?t=1508757070,https://cdn.akamai.steamstatic.com/steam/apps/694960/ss_91d73a44b2bf20b638df555bd62651d8fb3e0198.1920x1080.jpg?t=1508757070,https://cdn.akamai.steamstatic.com/steam/apps/694960/ss_d36bbf456a344c11734d6aa32b2cc6c56cbc2ed9.1920x1080.jpg?t=1508757070,https://cdn.akamai.steamstatic.com/steam/apps/694960/ss_503f67a4570157e549442be168a8b160a68bb07b.1920x1080.jpg?t=1508757070,https://cdn.akamai.steamstatic.com/steam/apps/694960/ss_d2169a5cc57669a9dd29ba54354444acb2a596cf.1920x1080.jpg?t=1508757070","http://cdn.akamai.steamstatic.com/steam/apps/256692504/movie_max.mp4?t=1502810408,http://cdn.akamai.steamstatic.com/steam/apps/256694998/movie_max.mp4?t=1504973595"
978980,Paradigm Blast,"Jan 18, 2019",0 - 20000,0,0,0.99,0,"Lost in a blizzard, four people find shelter in a mysterious castle, when the giant doors slam shut behind them. Now trapped inside with something horrible closing in, they frantically search for the means to get out. Classic Couch Co-op in a Groovy Castle: Play side by side with your friends in this zany party mode! In the Fang Castle game mode, players are given 20 seconds to search their surroundings for keys and key fragments. 6 key fragments combine into a key, and 10 keys wins the game! After the 20 seconds are up, a flash of lightning transitions the players into a random mini-game. Winning the mini-game awards them with key fragments, depending on the place they achieved, and then sends them back to Fang Castle, where they continue the search! 8 poppin' characters to play as! Saffron: A bloodthirsty woman who's out for justice! Angel: A retarded high-school student! Dangerous Man: An evil scientist midget! Blak Black: A tough cop who lives the badge! Col. K. Wolf: A carnivorous monster with an ego! Sombrero: A Mexican mercenary from the suburbs! Young: A bad boi with big dreams, who's heading to the top! (He may even be the son of cowboy outlaw Dallas Fort Texas, who knows!?) Vendetta: A gangster that dislikes guys like Young! 12 Bombin' Mini-games and local Clown Mode! The Mini-Game Select mode allows players to enjoy any of the 12 mini-games spontaneously! For example... Rooftop Race: Jump across the rooftops and see who survives to the end! Socks and Shoes: Wake up, eat breakfast, brush your teeth, shower, and get your socks and shoes on! Wolf's Kitchen: Listen to the chef and throw in the right ingredients, lest you become part of the stew! SCREAMER: Search for the exit of a graveyard, and use your flashlight if something comes after you! The dippin' online Clown Horde mode, where you try to survive as many waves as you can! The Online Mode has players going up against unending waves of clowns! Players can heal each other and help one another up when downed, and each character has different health, movement speed, and attack styles! Use Para Points earned in each mode to unlock extra colors and characters!",['English'],['English'],"“Paradigm Blast is a simple coop indie game for couch party to play with friends (up to 4 players) focus on teamplay, various short and minigames to complete. A fine little game.” Recommended – Play, enjoy, write reviews",https://cdn.akamai.steamstatic.com/steam/apps/978980/header.jpg?t=1631135552,,,ratroelegal@outlook.com,True,False,False,0,,0,2,0,,0,0,"This Game may contain content not appropriate for all ages, or may not be appropriate for viewing at work: Partial Nudity or Sexual Content, Crude Humor, Strong Language, Violence, Use of Tobacco, Self-harm, General Mature Content.",0,0,0,0,Kurt Russell,Kurt Russell,"Single-player,Multi-player,PvP,Online PvP,Shared/Split Screen PvP,Shared/Split Screen,Partial Controller Support,Remote Play Together","Action,Casual,Indie","Action,Indie,Casual,Violent,Nudity,Sexual Content","https://cdn.akamai.steamstatic.com/steam/apps/978980/ss_9b4e9d18ef278398da28bee3b2b059628a1991be.1920x1080.jpg?t=1631135552,https://cdn.akamai.steamstatic.com/steam/apps/978980/ss_8d3f4c1da45c80b7e110f6b381c3d1216bd8805c.1920x1080.jpg?t=1631135552,https://cdn.akamai.steamstatic.com/steam/apps/978980/ss_664f4d8fb974bcac5357bd3e791fb6e9fc4f6114.1920x1080.jpg?t=1631135552,https://cdn.akamai.steamstatic.com/steam/apps/978980/ss_1898cc0b8b77ff0bcb945050d9c777888ff4c889.1920x1080.jpg?t=1631135552,https://cdn.akamai.steamstatic.com/steam/apps/978980/ss_73bdd5f9daff2f6d924dc534dd3d4a911480f12d.1920x1080.jpg?t=1631135552",http://cdn.akamai.steamstatic.com/steam/apps/256738876/movie_max.mp4?t=1545242968
1632830,Goblin and Coins II Playtest,"May 13, 2021",0 - 0,0,0,0.0,0,,[],[],,https://cdn.akamai.steamstatic.com/steam/apps/1632830/header.jpg?t=1620901351,,,,True,False,False,0,,0,0,0,,0,0,,0,0,0,0,,,,,,,
1001430,Next Stop 3,"Mar 9, 2019",0 - 20000,0,0,6.99,0,The eccentric Margaret is once again shocking all of her friends! She got approved for huge loans and started out to complete the most exciting of quests along with her shocked team. Fifty levels and a variety of quests aimed to restore the dilapidated railway and decrepit infrastructure await us. And that is not all! Margaret undertook a billion-dollar commitment to build a sorting center and improve the turnover in this fascinating clicker mini-game! 50 varied levels Bonus: city-building Clicker Mini Game Varied objectives Relaxed mode: play without a timer,"['English', 'French', 'German', 'Russian', 'Japanese']",[],,https://cdn.akamai.steamstatic.com/steam/apps/1001430/header.jpg?t=1552159765,,http://www.nextstopgame.com/maintheme_contacts_eng.html,developers@ladiagroup.ru,True,True,False,0,,0,16,0,,0,0,,0,0,0,0,Ladia Group,Ladia Group,Single-player,"Casual,Simulation,Strategy","Casual,Strategy,Simulation","https://cdn.akamai.steamstatic.com/steam/apps/1001430/ss_1ab6ae276c65ad25c74a61fec6e81909784150cd.1920x1080.jpg?t=1552159765,https://cdn.akamai.steamstatic.com/steam/apps/1001430/ss_fe64382890ee112f03f1cc0b0253cea951eaa095.1920x1080.jpg?t=1552159765,https://cdn.akamai.steamstatic.com/steam/apps/1001430/ss_40e9e539b0ad7fd61815c344a128d6f2f18226ba.1920x1080.jpg?t=1552159765,https://cdn.akamai.steamstatic.com/steam/apps/1001430/ss_b435bca078e24f2f43f8f79deab743b3384899dd.1920x1080.jpg?t=1552159765,https://cdn.akamai.steamstatic.com/steam/apps/1001430/ss_a6fc5bd36e0e5e3716d1997537fd4f4c926fbfb9.1920x1080.jpg?t=1552159765",http://cdn.akamai.steamstatic.com/steam/apps/256741466/movie_max.mp4?t=1550686231
1977050,My Furry Maid 🐾,"Nov 19, 2022",0 - 0,0,0,3.39,1,"/ STORY Okay, to be fair - we don't have a real made here, but we have a hot actress who wants to be one! And she wears a maid costume anyway, so who cares? My Furry Maid is a kinetic novel about a guy who works as a teacher in a housekeeping school and his new student Anna. She wants to study maid classes for a role in a TV-Show, so he'll have to teach her etiquette, housing and cooking for a whole week. How long will she last until falling in love with him? Let's find out! (And, as usual for 'My Furry' series - we have a little bit of drama, serious topics and 'slice of life' stuff). FEATURES • About 1,5 hours of content • Exciting story • HD fully original artworks • Cute cat maid!",['English'],[],,https://cdn.akamai.steamstatic.com/steam/apps/1977050/header.jpg?t=1668847572,,,dirtyfoxgames@gmail.com,True,False,False,0,,0,0,0,,0,0,"This visual novel contains mentions of alcohol consumption, sexual themes and dialogue.",0,0,0,0,Dirty Fox Games,Dirty Fox Games,Single-player,"Adventure,Casual,Indie",,"https://cdn.akamai.steamstatic.com/steam/apps/1977050/ss_0ef19b9cde5582987466b2eb28085ffa2d0281b1.1920x1080.jpg?t=1668847572,https://cdn.akamai.steamstatic.com/steam/apps/1977050/ss_284568f1b30d4443efbcdc29f1bde3077cd5b1ac.1920x1080.jpg?t=1668847572,https://cdn.akamai.steamstatic.com/steam/apps/1977050/ss_af2121503a98d2a021f6cea221e85ef5bc5b286f.1920x1080.jpg?t=1668847572,https://cdn.akamai.steamstatic.com/steam/apps/1977050/ss_021c1e5290b1a1208afc01be1a2f7e850835a898.1920x1080.jpg?t=1668847572,https://cdn.akamai.steamstatic.com/steam/apps/1977050/ss_b26a0b5c7506aca7199fbcca4785bf7ff17579da.1920x1080.jpg?t=1668847572",http://cdn.akamai.steamstatic.com/steam/apps/256915140/movie_max.mp4?t=1668574282
1411000,Bean Climb,"Oct 30, 2020",0 - 20000,0,0,0.99,0,"Bean Climb - A hard torture during a dark night. You are a bean that got intentionally thrown out of a jelly bean packet. You're not going to give up right? It's time to overcome all the hard obstacles that you will face, it's not going to be easy, at times you are gonna feel unmotivated, but you have to do it... You may ask, why? Why overcome the obstacles? Well, while sweating and climbing, the bean will explain everything to you :) Gameplay: Chargeable jump Charge your jump according to how far, or how high you have to jump. No air control Remember you're just a bean, you're barely moving on the ground, so forget about moving mid-air. Careful on the steep slopes Do you still remember that you are just a bean? Because steep slopes, will make you slide. By the way, I believe in you! You can do it! You may sweat, you may cry, but you got this!","['English', 'Japanese', 'Korean', 'Russian', 'Simplified Chinese']","['English', 'Simplified Chinese']",,https://cdn.akamai.steamstatic.com/steam/apps/1411000/header.jpg?t=1604080826,,,yoinkmedia@gmail.com,True,False,False,0,,0,7,3,,10,0,,0,0,0,0,Yoink Media,Yoink Media,"Single-player,Steam Achievements","Action,Adventure,Indie","Action,Adventure,Precision Platformer,Parkour,2D Platformer,Platformer,Singleplayer,Psychological Horror,Action-Adventure,Minimalist,Comedy,Indie,Dark,2D,Family Friendly,Funny,Physics","https://cdn.akamai.steamstatic.com/steam/apps/1411000/ss_017e051420ff5c381e44695429e37201c03a5edd.1920x1080.jpg?t=1604080826,https://cdn.akamai.steamstatic.com/steam/apps/1411000/ss_a607212d7adc35d0c85f1561818406a7210164f6.1920x1080.jpg?t=1604080826,https://cdn.akamai.steamstatic.com/steam/apps/1411000/ss_50751d3f68f2ef756b1f9e97b78ab81765cc1ab4.1920x1080.jpg?t=1604080826,https://cdn.akamai.steamstatic.com/steam/apps/1411000/ss_be0f533f9f75dba0ef577214de0cb3a383ed5d65.1920x1080.jpg?t=1604080826,https://cdn.akamai.steamstatic.com/steam/apps/1411000/ss_1ef0dea53e43e9a12cd07500ba618e251b7bfd04.1920x1080.jpg?t=1604080826",http://cdn.akamai.steamstatic.com/steam/apps/256799173/movie_max.mp4?t=1599081169
362160,Sydney's World,"Feb 1, 2016",20000 - 50000,0,0,4.99,0,"Sydney's World is a family-friendly JRPG. Game focus is on the intersecting story arcs of a young girl seeking her father and a king in search of redemption. Sydney is a real eight year old girl, not a cliche fem super-hero or cliche fem helpless victim. She behaves just as the real Sydney would, alternating between cuteness, petulance, innocence, anger, sorrow, illogical decisions, jealousy, extreme joy, etc. When she's captured by an evil wizard and transported to another world, her toy elf Snowball is brought to life. He's Sydney's alter ego and ultimate childhood wish-fulfillment; his whole existence revolves around her. Together, they stop small dogs from barking, cause a king to reconsider his philosophy, and deal with very real emotions in a fantasy world setting. King Nicholas Westergaard rules the human settlements of an unknown world. He's consumed with a war against another race and a rebellion within his own kingdom. In time he discovers he has caused both. Explore new worlds without the usual multitude of boring side-quests and random encounters with identical enemies. There are no maps, mini-maps, mini-mini maps, or micro-maps; exploration is done the old-fashioned way, with clues and logic. Sydney and villains are voice-acted to enhance engagement. Other characters are not, to encourage reading and imagination. There is no profanity, blood/gore, sexual content...or even more damaging to young minds...lame dialogue and cheap endings! Older, wiser players will enjoy unconventional aphorisms that might cause them to reconsider their own philosophy. Hard-core RPG gamers should note that there is no inventory management or traits/abilities/skill point management. For more information on Sydney's World for younger players, please visit the website.",['English'],['English'],,https://cdn.akamai.steamstatic.com/steam/apps/362160/header.jpg?t=1612386319,http://www.wisedadgames.com/,http://www.wisedadgames.com/,wisedadgames@gmail.com,True,False,False,0,,0,43,5,,0,0,,0,0,0,0,Wise Dad Games,Wise Dad Games,"Single-player,Steam Trading Cards,Partial Controller Support",RPG,"Interactive Fiction,JRPG,Cute,Story Rich,RPG,Casual,Pixel Graphics,Anime,Family Friendly,Exploration,Fantasy,Adventure,Retro,Singleplayer,Indie,Music,RPGMaker,Female Protagonist,Education,Great Soundtrack","https://cdn.akamai.steamstatic.com/steam/apps/362160/ss_bcdc31b98aa467f48bfd30a6d01884adb7e19fe3.1920x1080.jpg?t=1612386319,https://cdn.akamai.steamstatic.com/steam/apps/362160/ss_ae5a2721892f17e8ffa15a4d1ca7c049071ff60c.1920x1080.jpg?t=1612386319,https://cdn.akamai.steamstatic.com/steam/apps/362160/ss_8de92c532342358629fb143a05d716e9bf28f481.1920x1080.jpg?t=1612386319,https://cdn.akamai.steamstatic.com/steam/apps/362160/ss_ee9f8f40c0a717ec19f74cca69ff56729e5f3a23.1920x1080.jpg?t=1612386319,https://cdn.akamai.steamstatic.com/steam/apps/362160/ss_4585a779bb8909406112bb4529fd097990113283.1920x1080.jpg?t=1612386319,https://cdn.akamai.steamstatic.com/steam/apps/362160/ss_a1877cf5cf116a60148254108a88f49ad23379a5.1920x1080.jpg?t=1612386319","http://cdn.akamai.steamstatic.com/steam/apps/256660075/movie_max.mp4?t=1453516385,http://cdn.akamai.steamstatic.com/steam/apps/256659307/movie_max.mp4?t=1451946854,http://cdn.akamai.steamstatic.com/steam/apps/256659308/movie_max.mp4?t=1451946865,http://cdn.akamai.steamstatic.com/steam/apps/256659309/movie_max.mp4?t=1467570231,http://cdn.akamai.steamstatic.com/steam/apps/256659310/movie_max.mp4?t=1451946885,http://cdn.akamai.steamstatic.com/steam/apps/256659646/movie_max.mp4?t=1452959844,http://cdn.akamai.steamstatic.com/steam/apps/256661162/movie_max.mp4?t=1456711903"
879050,Drakkar Crew,"Mar 27, 2023",0 - 20000,9,0,7.49,0,"ABOUT Hey rookie, climb aboard! We're heading for adventure across the North Sea on our reliable Viking ship! Choose from one of the charismatic characters, hire some warriors and engage in bloody battles! RPG Improve the skills of your hero to get access to additional abilities and quests. Use various types of weapons and armor. Purchase different ships and equip them to your needs. Complete the storyline and additional side-quests. OPEN WORLD Your character travels around the large world based on Scandinavian and Slavic mythology. There are various settlements located on the map. Pirate and merchant ships are traveling on the seas. Caves and ruins of ancient civilizations hide treasures. Interact with the world! You can trade, employ recruits, sell prisoners or simply plunder all and receive valuable resources by force! CREW MANAGEMENT The player has to employ a team which helps him fight. All units have their own specialization such as soldiers and others performing support functions on the ship - cooking, treatment, navigation, etc. Each warrior reaches new levels by receiving points from successful battles. Warriors need a salary, food and victorious battles to support their levels of morale! Carefully watch over the crew members! They can be wounded, develop bad habits or catch diseases. BATTLES At last, your brave team of cheerful, bearded bandits lands in the coastal village. The nose of the Viking ship sticks into the shore, and warriors led by your character jump out on the land! Dynamic battles in a beat'em'up style with tactical elements. You control the main hero and issue commands to your crew members. Your warriors have their own intelligence - they react appropriately to different situations on the battlefield.","['English', 'Russian']",[],,https://cdn.akamai.steamstatic.com/steam/apps/879050/header.jpg?t=1680233497,,,gamesoftdevelopment@gmail.com,True,False,False,0,,0,18,0,,35,0,,0,0,0,0,SiBear Games,SiBear Games,"Single-player,Steam Achievements,Full controller support,Steam Cloud","Action,Adventure,Indie,RPG,Early Access","Beat 'em up,Action,RPG,2D,Side Scroller,Adventure,Open World,Mythology,Retro,Fantasy,Singleplayer,Indie,Early Access","https://cdn.akamai.steamstatic.com/steam/apps/879050/ss_105166267c014fc70af75bd9c5e9db229517add2.1920x1080.jpg?t=1680233497,https://cdn.akamai.steamstatic.com/steam/apps/879050/ss_309ca66e5eb8d58519dbb140343cb8d59e4c1948.1920x1080.jpg?t=1680233497,https://cdn.akamai.steamstatic.com/steam/apps/879050/ss_91efec16fd29c3751a13e4f2063a08f4904cda8d.1920x1080.jpg?t=1680233497,https://cdn.akamai.steamstatic.com/steam/apps/879050/ss_703f723b73a07be3a1203384db32497b11647489.1920x1080.jpg?t=1680233497,https://cdn.akamai.steamstatic.com/steam/apps/879050/ss_4cd6a726c2928072aab3480d6e2cdb47ad5021e2.1920x1080.jpg?t=1680233497,https://cdn.akamai.steamstatic.com/steam/apps/879050/ss_f82be8fb7977e501473264557a6cc5501ac6d516.1920x1080.jpg?t=1680233497,https://cdn.akamai.steamstatic.com/steam/apps/879050/ss_86511162cdc66aab761fe9708609ed25dd8ff1ba.1920x1080.jpg?t=1680233497,https://cdn.akamai.steamstatic.com/steam/apps/879050/ss_42322ffdfc58049f37e0057bac646806345ed9bd.1920x1080.jpg?t=1680233497,https://cdn.akamai.steamstatic.com/steam/apps/879050/ss_43b08f18f474a862b73dd87f018b2554e79d4a64.1920x1080.jpg?t=1680233497",http://cdn.akamai.steamstatic.com/steam/apps/256855006/movie_max.mp4?t=1633677473
942900,Goblin's Shop,"Apr 18, 2019",0 - 20000,0,0,9.99,0,"This is a pixel-art simulation game in which the player runs a shop, together with RPG adventures. In Goblin’s Shop, the player is a goblin who has been bullied by humans and he always wants to get it even. Unfortunately, however, Mr. Goblin realizes that he is too weak to beat any human soldier. Then the idea of opening a shop occurred to him, so he decided to sell weapons, armors and potions to other monsters. To take revenge against humans, he puts together an adventure team with other monsters. In the game, the player has to undertake adventures with his customers constantly, to acquire better crafting materials. During any adventure, the player might face fiery counterattack from human soldiers, so it is imperative to craft better equipment for customers, and then the customers can kill humans more efficiently. The ultimate goal is to attack humans’ castle and gain victory in the end. ● Features More than 100 items for crafting Shop facilities with unique functions are accessible to set up Various monsters are available for the player to adventure with Skill tree for the player and random talent systems of the monsters Random events and adventure quests 44 territories for adventure The presentation of VIP customers are customizable","['English', 'Simplified Chinese', 'Traditional Chinese']",[],,https://cdn.akamai.steamstatic.com/steam/apps/942900/header.jpg?t=1629512362,http://fstoke.me/goblinxshop/,http://facebook.com/goblinxshop,cyclops.workshop@gmail.com,True,False,False,0,,0,43,24,,0,0,,0,0,0,0,CYCLOPS,"CYCLOPS,Light of Creators",Single-player,"Indie,RPG,Simulation,Strategy","Simulation,Indie,RPG,Strategy,Pixel Graphics,2D,Management,Dungeons & Dragons","https://cdn.akamai.steamstatic.com/steam/apps/942900/ss_e3383db28f8dd8bef0f2120bc87ad1f83fb6b846.1920x1080.jpg?t=1629512362,https://cdn.akamai.steamstatic.com/steam/apps/942900/ss_cd4e4b61e0ead5359324402db242291f6f301993.1920x1080.jpg?t=1629512362,https://cdn.akamai.steamstatic.com/steam/apps/942900/ss_dd6279239a636f9b1f6846a5a7aedafb26be4d8d.1920x1080.jpg?t=1629512362,https://cdn.akamai.steamstatic.com/steam/apps/942900/ss_bdfb647b0f9bade4a1f95d90887ed2cf9306b4f5.1920x1080.jpg?t=1629512362,https://cdn.akamai.steamstatic.com/steam/apps/942900/ss_7d90994f595568a92cccc97cb24e20205094e149.1920x1080.jpg?t=1629512362,https://cdn.akamai.steamstatic.com/steam/apps/942900/ss_3aed500429f73515e0f07049556ddd14d4f3079d.1920x1080.jpg?t=1629512362,https://cdn.akamai.steamstatic.com/steam/apps/942900/ss_0bcd4d5de938f61d80ad170dd48a129ccd58ed76.1920x1080.jpg?t=1629512362,https://cdn.akamai.steamstatic.com/steam/apps/942900/ss_015a6ab845002f3e4c9014a229b97739b571e39c.1920x1080.jpg?t=1629512362",http://cdn.akamai.steamstatic.com/steam/apps/256733412/movie_max.mp4?t=1540565105
